{"4JPP_1|Chains": {"hen": [1.303554482863234e-05, 1.396388207419677e-05, 1.3734230933364622e-05, 1.3387690311267615e-05, 1.2499770108639917e-05, 1.1954382038069497e-05, 1.1733509338637172e-05, 1.1121275688834492e-05, 1.036442856399051e-05, 7.301215813301482e-06, 0.0, 0.0, 0.0, 0.0, 0.0, 0.0, 0.0, 0.0, 0.0, 0.0, 0.0, 0.0, 0.0, 0.0, 0.0, 0.0, 0.0, 0.0, 0.0, 0.0, 0.0, 0.0, 0.0, 0.0, 0.0, 0.0, 0.0, 0.0, 0.0, 0.0, 0.0, 0.0, 0.0, 0.0, 0.0, 0.0, 0.0, 0.0, 0.0, 0.0, 0.0, 0.0, 0.0, 0.0, 0.0, 0.0, 0.0, 0.0, 0.0, 0.0, 0.0, 0.0, 0.0, 0.0, 0.0, 0.0, 0.0, 0.0, 0.0, 0.0, 0.0, 0.0, 0.0, 0.0, 0.0, 0.0, 0.0, 0.0, 0.0, 0.0, 0.0, 0.0, 0.0, 0.0, 0.0, 0.0, 0.0, 0.0, 0.0, 0.0, 0.0, 0.0, 0.0, 0.0, 0.0, 0.0, 0.0, 0.0, 0.0, 0.0, 0.0, 0.0, 0.0, 0.0, 0.0, 0.0, 0.0, 0.0, 0.0, 0.0, 0.0, 0.0, 0.0, 0.0, 0.0, 0.0, 0.0, 0.0, 0.0, 0.0, 0.0, 0.0, 0.0, 0.0, 0.0, 0.0, 0.0, 0.0, 0.0, 0.0, 0.0, 0.0, 3.7572818217680484e-06, 3.78860290098781e-06, 3.805473211252e-06, 3.7104225898438576e-06, 3.5717622377589555e-06, 3.3743186511995754e-06, 3.3843879424861446e-06, 3.4047581239274945e-06], "hep": [0.3404953137040138, 0.4760667547228534, 0.5599315307250616, 0.6135178306898597, 0.6512019676834083, 0.6748819370281894, 0.695304458488728, 0.7149259053360428, 0.7335213552700541, 0.750519740060231, 0.7647801442017945, 0.7768246460017023, 0.7862740891823086, 0.7940610846898969, 0.7984488162197676, 0.8008198699139513, 0.8064822478484415, 0.8049933110446157, 0.8035411165917425, 0.803778681259262, 0.8026273036996054, 0.7979443564002248, 0.797446292137526, 0.7970001276176989, 0.795296589199672, 0.7939756512179452, 0.7845372511608397, 0.7754113655938537, 0.7666865681572134, 0.7620566455928734, 0.7587516870048236, 0.757378638963788, 0.7545847908104311, 0.7542950851085963, 0.7520160788392569, 0.7445872949070597, 0.7490600506871605, 0.7529651869527664, 0.7565137963530121, 0.7598348743999297, 0.7627310956186812, 0.7647651723803108, 0.7667327515375619, 0.7689173493200954, 0.7707157838234656, 0.771677326518318, 0.7730791520939865, 0.7741199884582985, 0.7750499579647859, 0.7724691933973648, 0.7697678559916945, 0.7586084955486655, 0.7450560676179119, 0.7364642113217161, 0.729115538102767, 0.7356554621721137, 0.7321293566750533, 0.7278961973512137, 0.7187387808207444, 0.7097398122901395, 0.6981280196566387, 0.6882959923603673, 0.6781808524966669, 0.6695529351802858, 0.6612183822541815, 0.6515057372928343, 0.642606982006624, 0.6277472886425424, 0.6101713838659746, 0.5939257122659332, 0.5830178802113368, 0.5734365573487301, 0.5656638054499169, 0.5530249864356243, 0.5377858861935081, 0.5200048084563462, 0.5040389862544473, 0.4865843187971531, 0.4519808183028372, 0.39406777029120577, 0.36877830491875185, 0.3462519919091502, 0.3251548435715078, 0.3059541664421302, 0.2862878970554204, 0.255351537063025, 0.25130689349826574, 0.24733508084258107, 0.24288278595437932, 0.238650937135891, 0.23488096313235265, 0.22942595150781248, 0.2239541507506857, 0.21842552468700632, 0.21287381425172297, 0.20730533639703647, 0.20179033980752759, 0.19616845100394098, 0.19037446005562328, 0.18453897790951315, 0.1787484652098401, 0.17287917567596284, 0.16694902351767565, 0.16093021486361794, 0.15553527834165998, 0.15013425938341193, 0.14626960189080077, 0.1431211051536866, 0.13879824832672666, 0.13399551062499218, 0.12892074977513382, 0.12319713329911955, 0.11726900155381159, 0.11263354410727508, 0.10787700037063078, 0.10385477413549957, 0.09915051177861378, 0.09436650337282809, 0.08923405673276848, 0.0839409842737919, 0.07887183201995684, 0.0735806957056397, 0.06938718606341934, 0.06577992009863647, 0.06249474432801694, 0.057364144366668625, 0.05183485388726973, 0.046352634972092396, 0.04186066758133205, 0.037780840882724896, 0.03409960973968435, 0.030290087444161274, 0.026859192003466148, 0.026968416374314196, 0.026939931411214268, 0.026942598896715, 0.026948434545674426, 0.026973742826329916, 0.02679753941589194, 0.02741765227503517]}}